date,nav,daily_return
2018-11-20,1.0,0.0
2018-11-23,1.0001,0.0
2018-11-30,1.0003,0.0
2018-12-07,1.0002,0.0
2018-12-14,1.0003,0.0
2018-12-18,1.0005,0.0
2018-12-19,1.0005,0.0
2018-12-20,1.0006,0.0001
2018-12-21,1.0038,0.003198
2018-12-24,1.0054,0.001594
2018-12-25,1.0115,0.006067
2018-12-26,1.0133,0.00178
2018-12-27,1.0164,0.003059
2018-12-28,1.0178,0.001377
2018-12-31,1.021,0.0
2019-01-02,1.0225,0.004618
2019-01-03,1.0226,9.8e-05
2019-01-04,1.0227,9.8e-05
2019-01-07,1.0232,0.000489
2019-01-08,1.025,0.001759
2019-01-09,1.0252,0.000195
2019-01-10,1.025,-0.000195
2019-01-11,1.025,0.0
2019-01-14,1.0241,-0.000878
2019-01-15,1.0241,0.0
2019-01-16,1.0245,0.000391
2019-01-17,1.0227,-0.0017569999999999999
2019-01-18,1.0228,9.8e-05
2019-01-21,1.0235,0.000684
2019-01-22,1.0212,-0.0022470000000000003
2019-01-23,1.0207,-0.00049
2019-01-24,1.0237,0.0029389999999999998
2019-01-25,1.0303,0.0064470000000000005
2019-01-28,1.0251,-0.005047
2019-01-29,1.023,-0.002049
2019-01-30,1.028,0.004888
2019-01-31,1.0308,0.002724
2019-02-01,1.0325,0.0016489999999999999
2019-02-11,1.0334,0.0008719999999999999
2019-02-12,1.0405,0.006871
2019-02-13,1.0446,0.00394
2019-02-14,1.0434,-0.001149
2019-02-15,1.0389,-0.004313
2019-02-18,1.0453,0.00616
2019-02-19,1.0413,-0.0038269999999999997
2019-02-20,1.0469,0.005377999999999999
2019-02-21,1.0562,0.008883
2019-02-22,1.075,0.0178
2019-02-25,1.0851,0.009395
2019-02-26,1.0819,-0.002949
2019-02-27,1.068,-0.012848
2019-02-28,1.0641,-0.0036520000000000003
2019-03-01,1.0699,0.005451
2019-03-04,1.0717,0.001682
2019-03-05,1.0764,0.004386
2019-03-06,1.078,0.0014860000000000001
2019-03-07,1.062,-0.014842
2019-03-08,1.0536,-0.00791
2019-03-11,1.073,0.018413
2019-03-12,1.0778,0.0044729999999999995
2019-03-13,1.0731,-0.004361
2019-03-14,1.0606,-0.011648
2019-03-15,1.073,0.011691
2019-03-18,1.0782,0.004846
2019-03-19,1.0787,0.00046399999999999995
2019-03-20,1.0727,-0.005562
2019-03-21,1.0693,-0.00317
2019-03-22,1.0594,-0.009257999999999999
2019-03-25,1.053,-0.0060409999999999995
2019-03-26,1.0557,0.0025640000000000003
2019-03-27,1.0589,0.003031
2019-03-28,1.0632,0.004061
2019-03-29,1.0777,0.013637999999999999
2019-04-01,1.0919,0.013176
2019-04-02,1.091,-0.000824
2019-04-03,1.1041,0.012007
2019-04-04,1.0982,-0.005344
2019-04-08,1.1109,0.011564000000000001
2019-04-09,1.1205,0.008642
2019-04-10,1.1301,0.008568
2019-04-11,1.1154,-0.013007999999999999
2019-04-12,1.1269,0.01031
2019-04-15,1.1227,-0.003727
2019-04-16,1.1349,0.010867
2019-04-17,1.145,0.008899
2019-04-18,1.1438,-0.001048
2019-04-19,1.146,0.001923
2019-04-22,1.1434,-0.0022689999999999997
2019-04-23,1.1504,0.006122
2019-04-24,1.1555,0.004433
2019-04-25,1.13,-0.022067999999999997
2019-04-26,1.1295,-0.000442
2019-04-29,1.1298,0.00026599999999999996
2019-04-30,1.132,0.0019470000000000002
2019-05-06,1.1206,-0.010071000000000002
2019-05-07,1.1213,0.000625
2019-05-08,1.1116,-0.008650999999999999
2019-05-09,1.0951,-0.014843
2019-05-10,1.1077,0.011506
2019-05-13,1.0946,-0.011826000000000001
2019-05-14,1.0972,0.002375
2019-05-15,1.1148,0.016041
2019-05-16,1.1049,-0.008881
2019-05-17,1.0845,-0.018463
2019-05-20,1.0657,-0.017335
2019-05-21,1.0743,0.00807
2019-05-22,1.0746,0.000279
2019-05-23,1.0515,-0.021496
2019-05-24,1.0527,0.0011409999999999999
2019-05-27,1.0482,-0.004275
2019-05-28,1.0486,0.00038199999999999996
2019-05-29,1.0439,-0.004482
2019-05-30,1.0447,0.000766
2019-05-31,1.0399,-0.004595
2019-06-03,1.0375,-0.002308
2019-06-04,1.039,0.001446
2019-06-05,1.0471,0.007796
2019-06-06,1.0508,0.003534
2019-06-10,1.0682,0.016559
2019-06-11,1.0729,0.0044
2019-06-12,1.0605,-0.011557
2019-06-13,1.0649,0.004149
2019-06-14,1.055,-0.009297
2019-06-17,1.059,0.003791
2019-06-18,1.071,0.011331
2019-06-19,1.084,0.012138
2019-06-20,1.1006,0.015314000000000001
2019-06-21,1.0931,-0.006814
2019-06-24,1.093,-9.1e-05
2019-06-25,1.0781,-0.013632
2019-06-26,1.0954,0.016047
2019-06-27,1.1081,0.011594
2019-06-28,1.1076,-0.000451
2019-06-30,1.1074,0.0
2019-07-01,1.1163,0.007855
2019-07-02,1.1218,0.004927
2019-07-03,1.1214,-0.000357
2019-07-04,1.1209,-0.000446
2019-07-05,1.1162,-0.004193
2019-07-08,1.1074,-0.007884
2019-07-09,1.111,0.003251
2019-07-10,1.123,0.010801
2019-07-11,1.1258,0.002493
2019-07-12,1.1347,0.007905
2019-07-15,1.1435,0.007755
2019-07-16,1.1394,-0.0035849999999999996
2019-07-17,1.1392,-0.00017600000000000002
2019-07-18,1.1361,-0.002721
2019-07-19,1.1391,0.002641
2019-07-22,1.1454,0.005531
2019-07-23,1.153,0.006634999999999999
2019-07-24,1.1697,0.014483999999999999
2019-07-25,1.161,-0.007438
2019-07-26,1.1615,0.000431
2019-07-29,1.1639,0.002066
2019-07-30,1.164,8.6e-05
2019-07-31,1.1477,-0.014003000000000002
2019-08-01,1.1381,-0.008365000000000001
2019-08-02,1.114,-0.021176
2019-08-05,1.0836,-0.027288999999999997
2019-08-06,1.0976,0.012920000000000001
2019-08-07,1.1095,0.010842000000000001
2019-08-08,1.1323,0.020550000000000002
2019-08-09,1.1217,-0.009361000000000001
2019-08-12,1.1193,-0.00214
2019-08-13,1.1252,0.0052710000000000005
2019-08-14,1.1188,-0.0056879999999999995
2019-08-15,1.1253,0.005809999999999999
2019-08-16,1.1424,0.015196000000000001
2019-08-19,1.1658,0.020482999999999998
2019-08-20,1.1711,0.004546
2019-08-21,1.171,-8.5e-05
2019-08-22,1.1683,-0.002306
2019-08-23,1.1572,-0.009500999999999999
2019-08-26,1.1546,-0.0022470000000000003
2019-08-27,1.1583,0.003205
2019-08-28,1.159,0.000604
2019-08-29,1.1732,0.012252
2019-08-30,1.1776,0.00375
2019-09-02,1.1873,0.008237
2019-09-03,1.1719,-0.012971
2019-09-04,1.1941,0.018944000000000003
2019-09-05,1.2123,0.015242
2019-09-06,1.2179,0.004619
2019-09-09,1.216,-0.00156
2019-09-10,1.2139,-0.001727
2019-09-11,1.2232,0.007661
2019-09-12,1.2311,0.006458
2019-09-16,1.2263,-0.003899
2019-09-17,1.2218,-0.00367
2019-09-18,1.2296,0.006384
2019-09-19,1.2329,0.002684
2019-09-20,1.2296,-0.002677
2019-09-23,1.2193,-0.008377
2019-09-24,1.2037,-0.012794000000000002
2019-09-25,1.2073,0.0029909999999999997
2019-09-26,1.2103,0.002485
2019-09-27,1.1982,-0.009998
2019-09-30,1.1954,-0.002337
2019-10-08,1.1829,-0.010457000000000001
2019-10-09,1.187,0.0034660000000000003
2019-10-10,1.1987,0.009857
2019-10-11,1.2202,0.017936
2019-10-14,1.2168,-0.0027860000000000003
2019-10-15,1.2263,0.007807
2019-10-16,1.2246,-0.001386
2019-10-17,1.2337,0.007431
2019-10-18,1.225,-0.007052
2019-10-21,1.2371,0.009878
2019-10-22,1.2268,-0.008326
2019-10-23,1.2206,-0.0050539999999999995
2019-10-24,1.2349,0.011715999999999999
2019-10-25,1.2473,0.010041
2019-10-28,1.2673,0.016035
2019-10-29,1.2553,-0.009469
2019-10-30,1.259,0.002948
2019-10-31,1.2623,0.002621
2019-11-01,1.2763,0.011091
2019-11-04,1.2953,0.014887
2019-11-05,1.2932,-0.001621
2019-11-06,1.283,-0.007887
2019-11-07,1.286,0.0023380000000000002
2019-11-08,1.2838,-0.001711
2019-11-11,1.2669,-0.013164
2019-11-12,1.2761,0.007261999999999999
2019-11-13,1.2732,-0.002273
2019-11-14,1.2783,0.004006
2019-11-15,1.2835,0.004068
2019-11-18,1.2887,0.004051
2019-11-19,1.2974,0.006751
2019-11-20,1.2831,-0.011022
2019-11-21,1.2729,-0.007949000000000001
2019-11-22,1.2796,0.005264
2019-11-25,1.2938,0.011097
2019-11-26,1.2962,0.0018549999999999999
2019-11-27,1.303,0.005246
2019-11-28,1.302,-0.000767
2019-11-29,1.2907,-0.008679
2019-12-02,1.2909,0.000155
2019-12-03,1.2867,-0.0032540000000000004
2019-12-04,1.2863,-0.00031099999999999997
2019-12-05,1.3056,0.015004
2019-12-06,1.3183,0.009727
2019-12-09,1.3107,-0.005765
2019-12-10,1.3127,0.0015260000000000002
2019-12-11,1.3245,0.008989
2019-12-12,1.3359,0.008607
2019-12-13,1.3368,0.000674
2019-12-16,1.3408,0.0029920000000000003
2019-12-17,1.3439,0.002312
2019-12-18,1.3457,0.001339
2019-12-19,1.3568,0.008248
2019-12-20,1.3613,0.003317
2019-12-23,1.3646,0.002424
2019-12-24,1.37,0.003957
2019-12-25,1.3689,-0.000803
2019-12-26,1.3681,-0.000584
2019-12-27,1.3738,0.004166
2019-12-30,1.3692,-0.003348
2019-12-31,1.3684,-0.000584
2020-01-02,1.3913,0.016735
2020-01-03,1.3884,-0.002084
2020-01-06,1.388,-0.000288
2020-01-07,1.406,0.012968
2020-01-08,1.4084,0.001707
2020-01-09,1.4344,0.018461
2020-01-10,1.4347,0.00020899999999999998
2020-01-13,1.4668,0.022374
2020-01-14,1.4641,-0.0018410000000000002
2020-01-15,1.4625,-0.001093
2020-01-16,1.4752,0.008683999999999999
2020-01-17,1.4816,0.004338
2020-01-20,1.4739,-0.005197
2020-01-21,1.4572,-0.01133
2020-01-22,1.4817,0.016813
2020-01-23,1.4607,0.0
2020-02-03,1.4272,-0.022934
2020-02-04,1.4731,0.032161
2020-02-05,1.4915,0.012491
2020-02-06,1.5101,0.012471000000000001
2020-02-07,1.4993,-0.0071519999999999995
2020-02-10,1.5064,0.004736000000000001
2020-02-11,1.5228,0.010887
2020-02-12,1.5336,0.007092
2020-02-13,1.5371,0.0022819999999999997
2020-02-14,1.5325,-0.002993
2020-02-17,1.5354,0.001892
2020-02-18,1.5208,-0.009509
2020-02-19,1.5401,0.012691
2020-02-20,1.5365,-0.0023380000000000002
2020-02-21,1.5182,-0.01191
2020-02-24,1.4814,-0.024239
2020-02-25,1.4767,-0.0031730000000000005
2020-02-26,1.4656,-0.007517
2020-02-27,1.4405,-0.017126
2020-02-28,1.4147,-0.01791
2020-03-02,1.4526,0.026789999999999998
2020-03-03,1.4313,-0.014662999999999999
2020-03-04,1.4563,0.017467
2020-03-05,1.4561,-0.000137
2020-03-06,1.4329,-0.015933
2020-03-09,1.3512,-0.057017
2020-03-10,1.3883,0.027457
2020-03-11,1.358,-0.021825
2020-03-12,1.2744,-0.061561000000000005
2020-03-13,1.3235,0.038528
2020-03-16,1.2,-0.09331300000000001
2020-03-17,1.2389,0.032417
2020-03-18,1.1872,-0.041731
2020-03-19,1.2034,0.013646
2020-03-20,1.2309,0.022852
2020-03-23,1.2138,-0.013892
2020-03-24,1.3032,0.07365300000000001
2020-03-25,1.3201,0.012968
2020-03-26,1.3438,0.017953
2020-03-27,1.3136,-0.022473999999999997
2020-03-30,1.3216,0.00609
2020-03-31,1.3404,0.014225000000000002
2020-04-01,1.3062,-0.025515
2020-04-02,1.3329,0.020440999999999997
2020-04-03,1.319,-0.010428
2020-04-07,1.3859,0.05072
2020-04-08,1.3861,0.000144
2020-04-09,1.3876,0.001082
2020-04-10,1.3841,-0.002522
2020-04-13,1.3922,0.005852
2020-04-14,1.4204,0.020256
2020-04-15,1.4141,-0.004435
2020-04-16,1.4354,0.015063
2020-04-17,1.4483,0.008987
2020-04-20,1.4481,-0.000138
2020-04-21,1.4068,-0.02852
2020-04-22,1.4358,0.020614
2020-04-23,1.442,0.004318
2020-04-24,1.4337,-0.005756
2020-04-27,1.4542,0.014299
2020-04-28,1.4548,0.000413
2020-04-29,1.4863,0.021652
2020-04-30,1.4797,-0.004441
2020-05-06,1.4833,0.002433
2020-05-07,1.4996,0.010989
2020-05-08,1.5237,0.016071
2020-05-11,1.5409,0.011288
2020-05-12,1.5279,-0.008437
2020-05-13,1.5195,-0.005497999999999999
2020-05-14,1.5302,0.0070420000000000005
2020-05-15,1.5316,0.000915
2020-05-18,1.5565,0.016257999999999998
2020-05-19,1.5659,0.006039
2020-05-20,1.5891,0.014816000000000001
2020-05-21,1.5607,-0.017872
2020-05-22,1.5376,-0.014801
2020-05-25,1.5612,0.015349
2020-05-26,1.5843,0.014796
2020-05-27,1.5645,-0.012498
2020-05-28,1.5646,6.4e-05
2020-05-29,1.5942,0.018919
2020-06-01,1.628,0.021202000000000002
2020-06-02,1.6331,0.0031330000000000004
2020-06-03,1.6451,0.007348
2020-06-04,1.6303,-0.008995999999999999
2020-06-05,1.6433,0.007974
2020-06-08,1.6416,-0.001035
2020-06-09,1.6375,-0.002498
2020-06-10,1.6598,0.013617999999999998
2020-06-11,1.6031,-0.034161000000000004
2020-06-12,1.6224,0.012039
2020-06-15,1.6284,0.0036980000000000003
2020-06-16,1.6633,0.021432000000000003
2020-06-17,1.6796,0.0098
2020-06-18,1.6952,0.009288
2020-06-19,1.7081,0.0076100000000000004
2020-06-22,1.7216,0.007904
2020-06-23,1.7478,0.015218
2020-06-24,1.7275,-0.011615
2020-06-29,1.7241,-0.001968
2020-06-30,1.7603,0.020996
2020-07-01,1.7677,0.004204
2020-07-02,1.8035,0.020252
2020-07-03,1.8117,0.004547
2020-07-06,1.8522,0.022355
2020-07-07,1.8169,-0.019058
2020-07-08,1.8567,0.021905
2020-07-09,1.9092,0.028276
2020-07-10,1.9081,-0.000576
2020-07-13,1.911,0.0015199999999999999
2020-07-14,1.8886,-0.011722
2020-07-15,1.8962,0.004024
2020-07-16,1.8052,-0.047991
2020-07-17,1.8463,0.022768
2020-07-20,1.8654,0.010345
2020-07-21,1.9011,0.019138
2020-07-22,1.8711,-0.015780000000000002
2020-07-23,1.895,0.012773000000000001
2020-07-24,1.8498,-0.023852
2020-07-27,1.8683,0.010001
2020-07-28,1.8711,0.0014990000000000001
2020-07-29,1.9033,0.017209000000000002
2020-07-30,1.9167,0.007039999999999999
2020-07-31,1.9525,0.018678
2020-08-03,1.9763,0.012190000000000001
2020-08-04,2.0028,0.013408999999999999
2020-08-05,2.0164,0.006790000000000001
2020-08-06,2.0116,-0.0023799999999999997
2020-08-07,1.9835,-0.013969
2020-08-10,1.9646,-0.009529
2020-08-11,1.9411,-0.011961999999999999
2020-08-12,1.9414,0.000155
2020-08-13,1.9473,0.003039
2020-08-14,1.9475,0.000103
2020-08-17,1.9474,-5.1000000000000006e-05
2020-08-18,1.9746,0.013967
2020-08-19,1.9555,-0.009673000000000001
2020-08-20,1.9591,0.0018410000000000002
2020-08-21,1.9605,0.0007149999999999999
2020-08-24,1.9888,0.0144
2020-08-25,1.983,-0.0029
2020-08-26,1.9795,-0.0018
2020-08-27,1.9874,0.004
2020-08-28,1.9904,0.0015
2020-08-31,1.9797,-0.0054
2020-09-01,1.9999,0.0102
2020-09-02,2.0302,0.0152
2020-09-03,1.9692,-0.03
2020-09-04,1.9361,-0.0168
2020-09-07,1.9159,-0.0104
2020-09-08,1.8815,-0.018000000000000002
2020-09-09,1.8873,0.0031
2020-09-10,1.867,-0.0108
2020-09-11,1.8835,0.0088
2020-09-14,1.9125,0.0154
2020-09-15,1.9329,0.010700000000000001
2020-09-16,1.9173,-0.008100000000000001
2020-09-17,1.8879,-0.015300000000000001
2020-09-18,1.8776,-0.0055000000000000005
2020-09-21,1.8606,-0.0091
2020-09-22,1.8812,0.0111
2020-09-23,1.8757,-0.0029
2020-09-24,1.8592,-0.0088
2020-09-25,1.862,0.0015
2020-09-28,1.8955,0.018000000000000002
2020-09-29,1.901,0.0029
2020-09-30,1.9118,0.005699999999999999
2020-10-09,1.9609,0.025699999999999997
2020-10-12,1.9792,0.009300000000000001
2020-10-13,1.9824,0.0016
2020-10-14,1.9665,-0.008
2020-10-15,1.9401,-0.0134
2020-10-16,1.9441,0.0021
2020-10-19,1.9143,-0.015300000000000001
2020-10-20,1.9312,0.0088
2020-10-21,1.9163,-0.0077
2020-10-22,1.9072,-0.004699999999999999
2020-10-23,1.9067,-0.0003
2020-10-26,1.895,-0.0060999999999999995
2020-10-27,1.8991,0.0022
2020-10-28,1.8798,-0.0102
2020-10-29,1.9298,0.026600000000000002
2020-10-30,1.8846,-0.023399999999999997
2020-11-02,1.8887,0.0022
2020-11-03,1.909,0.010700000000000001
2020-11-04,1.9493,0.021099999999999997
2020-11-05,2.0247,0.0387
2020-11-06,2.0253,0.0003
2020-11-09,2.0133,-0.0059
2020-11-10,1.9592,-0.0269
2020-11-11,1.953,-0.0032
2020-11-12,1.9991,0.0236
2020-11-13,2.0258,0.0134
2020-11-16,2.0453,0.0096
2020-11-17,2.0252,-0.0098
2020-11-18,2.033,0.0039000000000000003
2020-11-19,2.0372,0.0021
2020-11-20,2.0551,0.0088
2020-11-23,2.0688,0.0067
2020-11-24,2.0915,0.011000000000000001
2020-11-25,2.0734,-0.0087
2020-11-26,2.0776,0.002
2020-11-27,2.0921,0.006999999999999999
2020-11-30,2.0948,0.0013
2020-12-01,2.1181,0.0111
2020-12-02,2.0929,-0.011899999999999999
2020-12-03,2.0893,-0.0017000000000000001
2020-12-04,2.1105,0.0101
2020-12-07,2.1006,-0.004699999999999999
2020-12-08,2.1006,0.0
2020-12-09,2.08,-0.0098
2020-12-10,2.0851,0.0025
2020-12-11,2.0748,-0.0049
2020-12-14,2.0725,-0.0011
2020-12-15,2.0829,0.005
2020-12-16,2.1002,0.0083
2020-12-17,2.1082,0.0038
2020-12-18,2.1079,-0.0001
2020-12-21,2.1214,0.0064
2020-12-22,2.1161,-0.0025
2020-12-23,2.1337,0.0083
2020-12-24,2.1245,-0.0043
2020-12-25,2.1235,-0.0005
2020-12-28,2.1101,-0.0063
2020-12-29,2.1232,0.0062
2020-12-30,2.1489,0.0121
2020-12-31,2.162,0.0060999999999999995
2021-01-04,2.1774,0.0070999999999999995
2021-01-05,2.1792,0.0008
2021-01-06,2.1938,0.0067
2021-01-07,2.2318,0.0173
2021-01-08,2.2635,0.014199999999999999
2021-01-11,2.2615,-0.0009
2021-01-12,2.2875,0.0115
2021-01-13,2.276,-0.005
2021-01-14,2.3,0.0105
2021-01-15,2.261,-0.017
2021-01-18,2.326,0.0287
2021-01-19,2.3856,0.0256
2021-01-20,2.4475,0.0259
2021-01-21,2.4524,0.002
2021-01-22,2.4307,-0.0088
2021-01-25,2.4921,0.0253
2021-01-26,2.4441,-0.019299999999999998
2021-01-27,2.3745,-0.0285
2021-01-28,2.3432,-0.0132
2021-01-29,2.3385,-0.002
2021-02-01,2.4006,0.026600000000000002
2021-02-02,2.4523,0.0215
2021-02-03,2.4613,0.0037
2021-02-04,2.4417,-0.008
2021-02-05,2.4358,-0.0024
2021-02-08,2.4649,0.011899999999999999
2021-02-09,2.4906,0.0104
2021-02-10,2.5109,0.008199999999999999
2021-02-18,2.5527,0.0166
2021-02-19,2.5667,0.0055000000000000005
2021-02-22,2.4869,-0.0311
2021-02-23,2.4529,-0.0137
2021-02-24,2.423,-0.012199999999999999
2021-02-25,2.4073,-0.006500000000000001
2021-02-26,2.3649,-0.0176
2021-03-01,2.4456,0.0341
2021-03-02,2.4118,-0.0138
2021-03-03,2.3958,-0.0066
2021-03-04,2.3094,-0.0361
2021-03-05,2.3317,0.0097
2021-03-08,2.2462,-0.036699999999999997
2021-03-09,2.3031,0.0253
2021-03-10,2.3039,0.0003
2021-03-11,2.371,0.0291
2021-03-12,2.3623,-0.0037
2021-03-15,2.3653,0.0013
2021-03-16,2.379,0.0058
2021-03-17,2.3958,0.0070999999999999995
2021-03-18,2.3655,-0.0126
2021-03-19,2.3768,0.0048
2021-03-22,2.3877,0.0046
2021-03-23,2.3349,-0.022099999999999998
2021-03-24,2.2624,-0.0311
2021-03-25,2.2538,-0.0038
2021-03-26,2.3111,0.0254
2021-03-29,2.3003,-0.004699999999999999
2021-03-30,2.325,0.010700000000000001
2021-03-31,2.3384,0.0058
2021-04-01,2.3879,0.0212
2021-04-02,2.3898,0.0008
2021-04-06,2.4038,0.0059
2021-04-07,2.3961,-0.0032
2021-04-08,2.4288,0.013600000000000001
2021-04-09,2.4029,-0.010700000000000001
2021-04-12,2.3769,-0.0108
2021-04-13,2.3673,-0.004
2021-04-14,2.3756,0.0034999999999999996
2021-04-15,2.3805,0.0021
2021-04-16,2.4095,0.012199999999999999
2021-04-19,2.4172,0.0032
2021-04-20,2.4029,-0.0059
2021-04-21,2.4046,0.0007000000000000001
2021-04-22,2.3836,-0.0087
2021-04-23,2.4162,0.0137
2021-04-26,2.4357,0.008100000000000001
2021-04-27,2.4379,0.0009
2021-04-28,2.4539,0.0066
2021-04-29,2.4116,-0.0172
2021-04-30,2.3854,-0.0109
2021-05-06,2.3251,-0.0253
2021-05-07,2.2921,-0.014199999999999999
2021-05-10,2.2578,-0.015
2021-05-11,2.243,-0.0066
2021-05-12,2.2279,-0.0067
2021-05-13,2.2166,-0.0051
2021-05-14,2.2358,0.0087
2021-05-17,2.2493,0.006
2021-05-18,2.2751,0.0115
2021-05-19,2.2748,-0.0001
2021-05-20,2.2894,0.0064
2021-05-21,2.2902,0.0003
2021-05-24,2.3065,0.0070999999999999995
2021-05-25,2.3248,0.0079
2021-05-26,2.326,0.0005
2021-05-27,2.3462,0.0087
2021-05-28,2.3369,-0.004
2021-05-31,2.3455,0.0037
2021-06-01,2.3568,0.0048
2021-06-02,2.3698,0.0055000000000000005
2021-06-03,2.3471,-0.0096
2021-06-04,2.3619,0.0063
2021-06-07,2.3616,-0.0001
2021-06-08,2.354,-0.0032
2021-06-09,2.3481,-0.0025
2021-06-10,2.3545,0.0027
2021-06-11,2.357,0.0011
2021-06-15,2.3604,0.0014000000000000002
2021-06-16,2.3286,-0.013500000000000002
2021-06-17,2.3567,0.0121
2021-06-18,2.3639,0.0031
2021-06-21,2.3694,0.0023
2021-06-22,2.3754,0.0025
2021-06-23,2.4176,0.0178
2021-06-24,2.4426,0.0103
2021-06-25,2.4385,-0.0017000000000000001
2021-06-28,2.5226,0.0345
2021-06-29,2.5152,-0.0029
2021-06-30,2.5114,-0.0015
2021-07-01,2.5109,-0.0002
2021-07-02,2.5011,-0.0039000000000000003
2021-07-05,2.5237,0.009000000000000001
2021-07-06,2.5278,0.0016
2021-07-07,2.5316,0.0015
2021-07-08,2.4846,-0.018600000000000002
2021-07-09,2.5,0.0062
2021-07-12,2.5143,0.005699999999999999
2021-07-13,2.5235,0.0037
2021-07-14,2.5212,-0.0009
2021-07-15,2.499,-0.0088
2021-07-16,2.4863,-0.0051
2021-07-19,2.4566,-0.011899999999999999
2021-07-20,2.4549,-0.0007000000000000001
2021-07-21,2.4706,0.0064
2021-07-22,2.4858,0.0062
2021-07-23,2.4644,-0.0086
2021-07-26,2.3898,-0.030299999999999997
2021-07-27,2.3079,-0.034300000000000004
2021-07-28,2.3859,0.0338
2021-07-29,2.4438,0.024300000000000002
2021-07-30,2.4061,-0.0154
2021-08-02,2.4109,0.002
2021-08-03,2.4235,0.0052
2021-08-04,2.4473,0.0098
2021-08-05,2.4405,-0.0028000000000000004
2021-08-06,2.4234,-0.006999999999999999
2021-08-09,2.4377,0.0059
2021-08-10,2.4423,0.0019
2021-08-11,2.448,0.0023
2021-08-12,2.442,-0.0025
2021-08-13,2.4305,-0.004699999999999999
2021-08-16,2.4063,-0.01
2021-08-17,2.3625,-0.0182
2021-08-18,2.3619,-0.0003
2021-08-19,2.3491,-0.0054
2021-08-20,2.3418,-0.0031
2021-08-23,2.3849,0.0184
2021-08-24,2.4204,0.0149
2021-08-25,2.4356,0.0063
2021-08-26,2.4256,-0.0040999999999999995
2021-08-27,2.4464,0.0086
2021-08-30,2.4524,0.0025
2021-08-31,2.4476,-0.002
2021-09-01,2.4585,0.0045000000000000005
2021-09-02,2.4563,-0.0009
2021-09-03,2.4617,0.0022
2021-09-06,2.4623,0.0002
2021-09-07,2.4598,-0.001
2021-09-08,2.445,-0.006
2021-09-09,2.4136,-0.0128
2021-09-10,2.4151,0.0006
2021-09-13,2.3856,-0.012199999999999999
2021-09-14,2.3745,-0.004699999999999999
2021-09-15,2.3681,-0.0027
2021-09-16,2.3523,-0.0067
2021-09-17,2.3597,0.0031
2021-09-22,2.3412,-0.0078000000000000005
2021-09-23,2.3823,0.0176
2021-09-24,2.3853,0.0013
2021-09-27,2.3794,-0.0025
2021-09-28,2.3316,-0.020099999999999996
2021-09-29,2.325,-0.0028000000000000004
2021-09-30,2.3367,0.005
2021-10-08,2.3316,-0.0022
2021-10-11,2.339,0.0032
2021-10-12,2.3343,-0.002
2021-10-13,2.3642,0.0128
2021-10-14,2.3797,0.0066
2021-10-15,2.4069,0.011399999999999999
2021-10-18,2.4244,0.0073
2021-10-19,2.4396,0.0063
2021-10-20,2.4361,-0.0014000000000000002
2021-10-21,2.4419,0.0024
2021-10-22,2.446,0.0017000000000000001
2021-10-25,2.4514,0.0022
2021-10-26,2.45,-0.0006
2021-10-27,2.4241,-0.0106
2021-10-28,2.4495,0.0105
2021-10-29,2.4621,0.0051
2021-11-01,2.4756,0.0055000000000000005
2021-11-02,2.467,-0.0034999999999999996
2021-11-03,2.4789,0.0048
2021-11-04,2.527,0.0194
2021-11-05,2.5185,-0.0034000000000000002
2021-11-08,2.5297,0.0044
2021-11-09,2.5184,-0.0045000000000000005
2021-11-10,2.4966,-0.0087
2021-11-11,2.528,0.0126
2021-11-12,2.5566,0.0113
2021-11-15,2.547,-0.0038
2021-11-16,2.5745,0.0108
2021-11-17,2.5851,0.0040999999999999995
2021-11-18,2.5844,-0.0003
2021-11-19,2.5984,0.0054
2021-11-22,2.5944,-0.0015
2021-11-23,2.5637,-0.0118
2021-11-24,2.5728,0.0034999999999999996
2021-11-25,2.5862,0.0052
2021-11-26,2.5338,-0.0203
2021-11-29,2.5561,0.0088
2021-11-30,2.5317,-0.0095
2021-12-01,2.493,-0.015300000000000001
2021-12-02,2.49,-0.0012
2021-12-03,2.4587,-0.0126
2021-12-06,2.4481,-0.0043
2021-12-07,2.523,0.030600000000000002
2021-12-08,2.5353,0.0049
2021-12-09,2.5194,-0.0063
2021-12-10,2.5236,0.0017000000000000001
2021-12-13,2.4963,-0.0108
2021-12-14,2.4693,-0.0108
2021-12-15,2.4983,0.011699999999999999
2021-12-16,2.435,-0.0253
2021-12-17,2.4224,-0.0052
2021-12-20,2.3927,-0.0123
2021-12-21,2.4398,0.0197
2021-12-22,2.4737,0.0139
2021-12-23,2.4876,0.005600000000000001
2021-12-24,2.4767,-0.0044
2021-12-27,2.5053,0.0115
2021-12-28,2.4964,-0.0036
2021-12-29,2.4875,-0.0036
2021-12-30,2.4808,-0.0027
2021-12-31,2.4832,0.001
2022-01-04,2.4884,0.0021
2022-01-05,2.4035,-0.0341
2022-01-06,2.3995,-0.0017000000000000001
2022-01-07,2.3717,-0.0116
2022-01-10,2.3858,0.0059
2022-01-11,2.403,0.0072
2022-01-12,2.4216,0.0077
2022-01-13,2.3686,-0.0219
2022-01-14,2.3974,0.012199999999999999
2022-01-17,2.3939,-0.0015
2022-01-18,2.3495,-0.018500000000000003
2022-01-19,2.3398,-0.0040999999999999995
2022-01-20,2.3408,0.0004
2022-01-21,2.3044,-0.015600000000000001
2022-01-24,2.3124,0.0034999999999999996
2022-01-25,2.2599,-0.0227
2022-01-26,2.253,-0.0031
2022-01-27,2.215,-0.0169
2022-01-28,2.2534,0.0173
2022-02-07,2.3082,0.024300000000000002
2022-02-08,2.3079,-0.0001
2022-02-09,2.3611,0.0231
2022-02-10,2.3622,0.0005
2022-02-11,2.3119,-0.0213
2022-02-14,2.2922,-0.0085
2022-02-15,2.3431,0.0222
2022-02-16,2.3342,-0.0038
2022-02-17,2.2825,-0.022099999999999998
2022-02-18,2.2714,-0.0049
2022-02-21,2.2745,0.0014000000000000002
2022-02-22,2.2506,-0.0105
2022-02-23,2.2196,-0.0138
2022-02-24,2.241,0.0096
2022-02-25,2.2672,0.011699999999999999
2022-02-28,2.2525,-0.006500000000000001
2022-03-01,2.2269,-0.011399999999999999
2022-03-02,2.2437,0.0075
2022-03-03,2.2002,-0.0194
2022-03-04,2.1713,-0.0131
2022-03-07,2.1053,-0.0304
2022-03-08,2.0759,-0.013999999999999999
2022-03-09,2.1292,0.025699999999999997
2022-03-10,2.1018,-0.0129
2022-03-11,2.0645,-0.0177
2022-03-14,1.9791,-0.0414
2022-03-15,1.9986,0.009899999999999999
2022-03-16,2.0986,0.05
2022-03-17,2.1621,0.030299999999999997
2022-03-18,2.1829,0.0096
2022-03-21,2.1744,-0.0039000000000000003
2022-03-22,2.2085,0.015700000000000002
2022-03-23,2.1779,-0.0139
2022-03-24,2.2154,0.0172
2022-03-25,2.1951,-0.0092
2022-03-28,2.2177,0.0103
2022-03-29,2.2354,0.008
2022-03-30,2.2248,-0.004699999999999999
2022-03-31,2.1856,-0.0176
2022-04-01,2.1722,-0.0060999999999999995
2022-04-06,2.1558,-0.0075
2022-04-07,2.139,-0.0078000000000000005
2022-04-08,2.1239,-0.0070999999999999995
2022-04-11,2.0648,-0.0278
2022-04-12,2.0587,-0.003
2022-04-13,2.0846,0.0126
2022-04-14,2.061,-0.0113
2022-04-15,2.0702,0.0045000000000000005
2022-04-18,2.0717,0.0007000000000000001
2022-04-19,2.0784,0.0032
2022-04-20,2.0549,-0.0113
2022-04-21,2.0211,-0.016399999999999998
2022-04-22,2.0068,-0.0070999999999999995
2022-04-25,2.0103,0.0017000000000000001
2022-04-26,1.9973,-0.006500000000000001
2022-04-27,1.9953,-0.001
2022-04-28,2.0542,0.029500000000000002
2022-04-29,2.0359,-0.0089
2022-05-05,2.0163,-0.0096
2022-05-06,1.9965,-0.0098
2022-05-09,1.9482,-0.0242
2022-05-10,1.9457,-0.0013
2022-05-11,1.9269,-0.0097
2022-05-12,1.9074,-0.0101
2022-05-13,1.9944,0.045599999999999995
2022-05-16,1.9811,-0.0067
2022-05-17,2.0293,0.024300000000000002
2022-05-18,1.962,-0.0332
2022-05-19,1.96,-0.001
2022-05-20,1.9571,-0.0015
2022-05-23,1.9517,-0.0028000000000000004
2022-05-24,1.9032,-0.024900000000000002
2022-05-25,1.9243,0.0111
2022-05-26,1.9561,0.0165
2022-05-27,2.0117,0.028399999999999998
2022-05-30,2.0114,-0.0001
2022-05-31,2.0175,0.003
2022-06-01,2.0105,-0.0034999999999999996
2022-06-02,2.0578,0.0235
2022-06-06,2.0289,-0.013999999999999999
2022-06-07,2.039,0.005
2022-06-08,2.0406,0.0008
2022-06-09,2.0127,-0.0137
2022-06-10,1.9785,-0.017
2022-06-13,1.8927,-0.0434
2022-06-14,1.9066,0.0073
2022-06-15,1.9462,0.0208
2022-06-16,1.872,-0.0381
2022-06-17,1.8816,0.0051
2022-06-20,1.9097,0.0149
2022-06-21,1.9428,0.0173
2022-06-22,1.9387,-0.0021
2022-06-23,1.9601,0.011000000000000001
2022-06-24,2.0173,0.0292
2022-06-27,2.0134,-0.0019
2022-06-28,1.993,-0.0101
2022-06-29,1.9801,-0.006500000000000001
2022-06-30,1.9603,-0.01
2022-07-01,1.938,-0.011399999999999999
2022-07-04,1.9363,-0.0009
2022-07-05,1.9481,0.0060999999999999995
2022-07-06,1.9512,0.0016
2022-07-07,1.9822,0.0159
2022-07-08,1.9865,0.0022
2022-07-11,1.9256,-0.030699999999999998
2022-07-12,1.9043,-0.0111
2022-07-13,1.9081,0.002
2022-07-14,1.9228,0.0077
2022-07-15,1.9277,0.0025
2022-07-18,1.9358,0.0042
2022-07-19,1.952,0.0084
2022-07-20,1.9855,0.0172
2022-07-21,1.9929,0.0037
2022-07-22,1.9654,-0.0138
2022-07-25,1.957,-0.0043
2022-07-26,1.9558,-0.0006
2022-07-27,1.9935,0.019299999999999998
2022-07-28,2.0118,0.0092
2022-07-29,2.0157,0.0019
2022-08-01,2.0137,-0.001
2022-08-02,2.0058,-0.0039000000000000003
2022-08-03,2.0397,0.0169
2022-08-04,2.0708,0.0152
2022-08-05,2.0598,-0.0053
2022-08-08,2.0452,-0.0070999999999999995
2022-08-09,2.0227,-0.011000000000000001
2022-08-10,2.0576,0.0173
2022-08-11,2.0527,-0.0024
2022-08-12,2.0887,0.0175
2022-08-15,2.0959,0.0034000000000000002
2022-08-16,2.0946,-0.0006
2022-08-17,2.0839,-0.0051
2022-08-18,2.1016,0.0085
2022-08-19,2.072,-0.0141
2022-08-22,2.0397,-0.015600000000000001
2022-08-23,2.0378,-0.0009
2022-08-24,2.017,-0.0102
2022-08-25,2.0587,0.0207
2022-08-26,2.0019,-0.0276
2022-08-29,1.9825,-0.0097
2022-08-30,1.9818,-0.0004
2022-08-31,1.9701,-0.0059
2022-09-01,1.9524,-0.009000000000000001
2022-09-02,1.9399,-0.0064
2022-09-05,1.9306,-0.0048
2022-09-06,1.9356,0.0026
2022-09-07,1.958,0.0116
2022-09-08,1.9646,0.0034000000000000002
2022-09-09,1.9975,0.0167
2022-09-13,1.9457,-0.0259
2022-09-14,1.9504,0.0024
2022-09-15,1.9217,-0.0147
2022-09-16,1.9091,-0.0066
2022-09-19,1.9083,-0.0004
2022-09-20,1.9003,-0.0042
2022-09-21,1.8669,-0.0176
2022-09-22,1.8431,-0.0127
2022-09-23,1.8122,-0.0168
2022-09-26,1.8137,0.0008
2022-09-27,1.8313,0.0097
2022-09-28,1.8401,0.0048
2022-09-29,1.8019,-0.0208
2022-09-30,1.7798,-0.0123
2022-10-10,1.7486,-0.0175
2022-10-11,1.7221,-0.0152
2022-10-12,1.7215,-0.0003
2022-10-13,1.7419,0.011899999999999999
2022-10-14,1.7011,-0.023399999999999997
2022-10-17,1.737,0.021099999999999997
2022-10-18,1.758,0.0121
2022-10-19,1.7437,-0.008100000000000001
2022-10-20,1.7447,0.0006
2022-10-21,1.7701,0.0146
2022-10-24,1.7469,-0.0131
2022-10-25,1.7825,0.0204
2022-10-26,1.7656,-0.0095
2022-10-27,1.7713,0.0032
2022-10-28,1.7807,0.0053
2022-10-31,1.7746,-0.0034000000000000002
2022-11-01,1.7972,0.0127
2022-11-02,1.7742,-0.0128
2022-11-03,1.7609,-0.0075
2022-11-04,1.7947,0.0192
2022-11-07,1.8168,0.0123
2022-11-08,1.8237,0.0038
2022-11-09,1.7913,-0.0178
2022-11-10,1.8946,0.057699999999999994
2022-11-11,1.9402,0.0241
2022-11-14,1.9271,-0.0068000000000000005
2022-11-15,1.9711,0.022799999999999997
2022-11-16,1.9216,-0.025099999999999997
2022-11-17,1.922,0.0002
2022-11-18,1.9207,-0.0007000000000000001
2022-11-21,1.899,-0.0113
2022-11-22,1.9245,0.0134
2022-11-23,1.9337,0.0048
2022-11-24,1.9464,0.0066
2022-11-25,1.9494,0.0015
2022-11-28,1.918,-0.0161
2022-11-29,1.9513,0.0174
2022-11-30,2.0036,0.0268
2022-12-01,1.9942,-0.004699999999999999
2022-12-02,1.9531,-0.0206
2022-12-05,1.9603,0.0037
2022-12-06,1.9246,-0.0182
2022-12-07,1.8984,-0.013600000000000001
2022-12-08,1.9223,0.0126
2022-12-09,1.9378,0.008100000000000001
2022-12-12,1.9195,-0.009399999999999999
2022-12-13,1.9378,0.0095
2022-12-14,1.9205,-0.0089
2022-12-15,1.8696,-0.0265
2022-12-16,1.8831,0.0072
2022-12-19,1.8629,-0.010700000000000001
2022-12-20,1.844,-0.0101
2022-12-21,1.858,0.0076
2022-12-22,1.831,-0.014499999999999999
2022-12-23,1.8287,-0.0013
2022-12-26,1.8283,-0.0002
2022-12-27,1.8039,-0.013300000000000001
2022-12-28,1.7999,-0.0022
2022-12-29,1.8281,0.015700000000000002
2022-12-30,1.8262,-0.001
2022-12-31,1.8261,-0.0001
2023-01-03,1.8249,-0.0007000000000000001
2023-01-04,1.8418,0.009300000000000001
2023-01-05,1.8227,-0.0104
2023-01-06,1.8622,0.0217
2023-01-09,1.8762,0.0075
2023-01-10,1.8704,-0.0031
2023-01-11,1.8926,0.011899999999999999
2023-01-12,1.8995,0.0036
2023-01-13,1.9024,0.0015
2023-01-16,1.9038,0.0007000000000000001
2023-01-17,1.9164,0.0066
2023-01-18,1.912,-0.0023
2023-01-19,1.9095,-0.0013
2023-01-20,1.9521,0.0223
2023-01-30,1.9852,0.017
2023-01-31,2.0024,0.0087
2023-02-01,2.0504,0.024
2023-02-02,2.08,0.0144
2023-02-03,2.059,-0.0101
2023-02-06,2.0307,-0.0137
2023-02-07,2.0712,0.0199
2023-02-08,2.0506,-0.009899999999999999
2023-02-09,2.0627,0.0059
2023-02-10,2.0328,-0.014499999999999999
2023-02-13,2.0599,0.013300000000000001
2023-02-14,2.0851,0.012199999999999999
2023-02-15,2.0818,-0.0016
2023-02-16,2.0485,-0.016
2023-02-17,2.0318,-0.008199999999999999
2023-02-20,2.0427,0.0054
2023-02-21,2.0056,-0.0182
2023-02-22,2.0119,0.0031
2023-02-23,2.0382,0.0131
2023-02-24,2.0066,-0.0155
2023-02-27,2.0228,0.008100000000000001
2023-02-28,2.02,-0.0014000000000000002
2023-03-01,2.0364,0.008100000000000001
2023-03-02,2.0288,-0.0037
2023-03-03,2.0656,0.0181
2023-03-06,2.0519,-0.0066
2023-03-07,2.0315,-0.009899999999999999
2023-03-08,2.0458,0.006999999999999999
2023-03-09,2.0051,-0.0199
2023-03-10,1.98,-0.0125
2023-03-13,1.9837,0.0019
2023-03-14,2.0096,0.0131
2023-03-15,2.0077,-0.0009
2023-03-16,2.0564,0.024300000000000002
2023-03-17,2.0604,0.0019
2023-03-20,2.0407,-0.0096
2023-03-21,2.0648,0.0118
2023-03-22,2.0565,-0.004
2023-03-23,2.0823,0.0125
2023-03-24,2.0567,-0.0123
2023-03-27,2.051,-0.0028000000000000004
2023-03-28,2.0427,-0.004
2023-03-29,2.0775,0.017
2023-03-30,2.1002,0.0109
2023-03-31,2.1213,0.01
2023-04-03,2.1185,-0.0013
2023-04-04,2.1052,-0.0063
2023-04-06,2.0895,-0.0075
2023-04-07,2.0923,0.0013
2023-04-10,2.0941,0.0009
2023-04-11,2.0971,0.0014000000000000002
2023-04-12,2.0865,-0.0051
2023-04-13,2.0996,0.0063
2023-04-14,2.0951,-0.0021
2023-04-17,2.093,-0.001
2023-04-18,2.0968,0.0018
2023-04-19,2.0827,-0.0067
2023-04-20,2.0826,0.0
2023-04-21,2.0608,-0.0105
2023-04-24,2.0518,-0.0044
2023-04-25,2.0083,-0.0212
2023-04-26,2.0405,0.016
2023-04-27,2.0694,0.014199999999999999
2023-04-28,2.0853,0.0077
2023-05-04,2.0436,-0.02
2023-05-05,2.0828,0.0192
2023-05-08,2.0894,0.0032
2023-05-09,2.0764,-0.0062
2023-05-10,2.0924,0.0077
2023-05-11,2.0816,-0.0052
2023-05-12,2.078,-0.0017000000000000001
2023-05-15,2.1062,0.013600000000000001
2023-05-16,2.1078,0.0008
2023-05-17,2.1406,0.015600000000000001
2023-05-18,2.1862,0.0213
2023-05-19,2.1858,-0.0002
2023-05-22,2.1882,0.0011
2023-05-23,2.1621,-0.011899999999999999
2023-05-24,2.1621,0.0
2023-05-25,2.2518,0.0415
2023-05-26,2.3152,0.0282
2023-05-29,2.3042,-0.0048
2023-05-30,2.3229,0.008100000000000001
2023-05-31,2.2873,-0.015300000000000001
2023-06-01,2.326,0.0169
2023-06-02,2.3327,0.0029
2023-06-05,2.3246,-0.0034999999999999996
2023-06-06,2.3383,0.0059
2023-06-07,2.306,-0.0138
2023-06-08,2.3337,0.012
2023-06-09,2.3429,0.0039000000000000003
2023-06-12,2.377,0.0146
2023-06-13,2.3953,0.0077
2023-06-14,2.4209,0.010700000000000001
2023-06-15,2.4287,0.0032
2023-06-16,2.4133,-0.0063
2023-06-19,2.4104,-0.0012
2023-06-20,2.4357,0.0105
2023-06-21,2.3899,-0.018799999999999997
2023-06-26,2.3593,-0.0128
2023-06-27,2.4052,0.0195
2023-06-28,2.4019,-0.0014000000000000002
2023-06-29,2.4048,0.0012
2023-06-30,2.4401,0.0147
2023-07-03,2.4462,0.0025
2023-07-04,2.4425,-0.0015
2023-07-05,2.4347,-0.0032
2023-07-06,2.4199,-0.0060999999999999995
2023-07-07,2.4174,-0.001
2023-07-10,2.4175,0.0
2023-07-11,2.4271,0.004
2023-07-12,2.4471,0.008199999999999999
2023-07-13,2.4874,0.0165
2023-07-14,2.4759,-0.0046
2023-07-17,2.498,0.0089
2023-07-18,2.5048,0.0027
2023-07-19,2.5038,-0.0004
2023-07-20,2.44,-0.0255
2023-07-21,2.4377,-0.0009
2023-07-24,2.4415,0.0016
2023-07-25,2.461,0.008
2023-07-26,2.4465,-0.0059
2023-07-27,2.4479,0.0006
2023-07-28,2.4856,0.0154
2023-07-31,2.4871,0.0006
2023-08-01,2.4863,-0.0003
2023-08-02,2.421,-0.0263
2023-08-03,2.4282,0.003
2023-08-04,2.4278,-0.0002
2023-08-07,2.4397,0.0049
2023-08-08,2.4158,-0.0098
2023-08-09,2.3767,-0.016200000000000003
2023-08-10,2.3813,0.0019
2023-08-11,2.3645,-0.0070999999999999995
2023-08-14,2.4021,0.0159
2023-08-15,2.3832,-0.0079
2023-08-16,2.3623,-0.0088
2023-08-17,2.3422,-0.0085
2023-08-18,2.3334,-0.0038
2023-08-21,2.3779,0.0191
2023-08-22,2.3737,-0.0018
2023-08-23,2.4073,0.014199999999999999
2023-08-24,2.3556,-0.0215
2023-08-25,2.3664,0.0046
2023-08-28,2.3819,0.0066
2023-08-29,2.4234,0.0174
2023-08-30,2.4374,0.0058
2023-08-31,2.4475,0.0040999999999999995
2023-09-01,2.4432,-0.0018
2023-09-04,2.4478,0.0019
2023-09-05,2.4569,0.0037
2023-09-06,2.4479,-0.0037
2023-09-07,2.4286,-0.0079
2023-09-08,2.4346,0.0025
2023-09-11,2.4582,0.0097
2023-09-12,2.4183,-0.016200000000000003
2023-09-13,2.4323,0.0058
2023-09-14,2.4486,0.0067
2023-09-15,2.4016,-0.0192
2023-09-18,2.401,-0.0002
2023-09-19,2.3964,-0.0019
2023-09-20,2.3642,-0.0134
2023-09-21,2.3199,-0.0187
2023-09-22,2.3226,0.0012
2023-09-25,2.3293,0.0029
2023-09-26,2.2962,-0.014199999999999999
2023-09-27,2.3056,0.0040999999999999995
2023-09-28,2.3292,0.0102
2023-10-09,2.3976,0.0294
2023-10-10,2.4136,0.0067
2023-10-11,2.4283,0.0060999999999999995
2023-10-12,2.43,0.0007000000000000001
2023-10-13,2.3887,-0.017
2023-10-16,2.4109,0.009300000000000001
2023-10-17,2.4036,-0.003
2023-10-18,2.3681,-0.0148
2023-10-19,2.3484,-0.0083
2023-10-20,2.3133,-0.0149
2023-10-23,2.322,0.0038
2023-10-24,2.3438,0.009399999999999999
2023-10-25,2.2867,-0.024399999999999998
2023-10-26,2.2501,-0.016
2023-10-27,2.273,0.0102
2023-10-30,2.2879,0.0066
2023-10-31,2.3032,0.0067
2023-11-01,2.3475,0.0192
2023-11-02,2.3817,0.0146
2023-11-03,2.4116,0.0126
2023-11-06,2.421,0.0039000000000000003
2023-11-07,2.4384,0.0072
2023-11-08,2.4521,0.005600000000000001
2023-11-09,2.4423,-0.004
2023-11-10,2.4989,0.0232
2023-11-13,2.497,-0.0008
2023-11-14,2.5506,0.0215
2023-11-15,2.5432,-0.0029
2023-11-16,2.5415,-0.0007000000000000001
2023-11-17,2.5494,0.0031
2023-11-20,2.577,0.0108
2023-11-21,2.553,-0.009300000000000001
2023-11-22,2.5541,0.0004
2023-11-23,2.5539,-0.0001
2023-11-24,2.5501,-0.0015
2023-11-27,2.5481,-0.0008
2023-11-28,2.5558,0.003
2023-11-29,2.5591,0.0013
2023-11-30,2.5592,0.0
2023-12-01,2.5645,0.0021
2023-12-04,2.5252,-0.015300000000000001
2023-12-05,2.5303,0.002
2023-12-06,2.5196,-0.0042
2023-12-07,2.5539,0.013600000000000001
2023-12-08,2.5727,0.0074
2023-12-11,2.5898,0.0066
2023-12-12,2.6041,0.0055000000000000005
2023-12-13,2.6275,0.009000000000000001
2023-12-14,2.635,0.0029
2023-12-15,2.649,0.0053
2023-12-18,2.6598,0.0040999999999999995
2023-12-19,2.6711,0.0042
2023-12-20,2.6273,-0.016399999999999998
2023-12-21,2.6709,0.0166
2023-12-22,2.6641,-0.0025
2023-12-25,2.6658,0.0006
2023-12-26,2.6774,0.0044
2023-12-27,2.6785,0.0004
2023-12-28,2.6741,-0.0016
2023-12-29,2.66,-0.0053
2023-12-31,2.6598,-0.0001
2024-01-02,2.612,-0.018000000000000002
2024-01-03,2.5924,-0.0075
2024-01-04,2.5811,-0.0044
2024-01-05,2.5904,0.0036
2024-01-08,2.6371,0.018000000000000002
2024-01-09,2.6424,0.002
2024-01-10,2.6647,0.0084
2024-01-11,2.6754,0.004
2024-01-12,2.6736,-0.0007000000000000001
2024-01-15,2.6773,0.0014000000000000002
2024-01-16,2.6874,0.0038
2024-01-17,2.6682,-0.0070999999999999995
2024-01-18,2.711,0.016
2024-01-19,2.7635,0.0194
2024-01-22,2.7728,0.0034000000000000002
2024-01-23,2.7789,0.0022
2024-01-24,2.7916,0.0046
2024-01-25,2.7896,-0.0007000000000000001
2024-01-26,2.7736,-0.005699999999999999
2024-01-29,2.8101,0.0132
2024-01-30,2.7927,-0.0062
2024-01-31,2.7435,-0.0176
2024-02-01,2.7661,0.008199999999999999
2024-02-02,2.8217,0.020099999999999996
2024-02-05,2.8257,0.0014000000000000002
2024-02-06,2.8145,-0.004
2024-02-07,2.8601,0.016200000000000003
2024-02-08,2.877,0.0059
2024-02-19,2.8492,-0.0097
2024-02-20,2.8198,-0.0103
2024-02-21,2.7736,-0.016399999999999998
2024-02-22,2.8743,0.0363
2024-02-23,2.868,-0.0022
2024-02-26,2.8825,0.0051
2024-02-27,2.8767,-0.002
2024-02-28,2.8629,-0.0048
2024-02-29,2.888,0.0088
2024-03-01,2.9482,0.0208
2024-03-04,2.9486,0.0001
2024-03-05,2.8953,-0.0181
2024-03-06,2.9238,0.0098
2024-03-07,2.976,0.0179
2024-03-08,2.9318,-0.0149
2024-03-11,2.8966,-0.012
2024-03-12,2.9525,0.019299999999999998
2024-03-13,2.9202,-0.0109
2024-03-14,2.904,-0.0055000000000000005
2024-03-15,2.8722,-0.011000000000000001
2024-03-18,2.893,0.0072
2024-03-19,2.9009,0.0027
2024-03-20,2.9337,0.0113
2024-03-21,2.9812,0.016200000000000003
2024-03-22,2.9895,0.0028000000000000004
2024-03-25,2.9814,-0.0027
2024-03-26,2.9699,-0.0039000000000000003
2024-03-27,2.9569,-0.0044
2024-03-28,2.9535,-0.0011
2024-03-29,2.9533,-0.0001
2024-04-01,2.97,0.005699999999999999
2024-04-02,2.9557,-0.0048
2024-04-03,2.9698,0.0048
2024-04-08,2.9748,0.0017000000000000001
2024-04-09,2.9815,0.0023
2024-04-10,2.968,-0.0045000000000000005
2024-04-11,2.9985,0.0103
2024-04-12,2.9574,-0.0137
2024-04-15,2.9029,-0.0184
2024-04-16,2.9042,0.0004
2024-04-17,2.8716,-0.011200000000000002
2024-04-18,2.846,-0.0089
2024-04-19,2.7787,-0.0236
2024-04-22,2.8082,0.0106
2024-04-23,2.8594,0.0182
2024-04-24,2.8518,-0.0027
2024-04-25,2.8355,-0.005699999999999999
2024-04-26,2.892,0.0199
2024-04-29,2.8834,-0.003
2024-04-30,2.843,-0.013999999999999999
2024-05-06,2.9545,0.0392
2024-05-07,2.9441,-0.0034999999999999996
2024-05-08,2.9445,0.0001
2024-05-09,2.9483,0.0013
2024-05-10,2.9759,0.009399999999999999
2024-05-13,2.9771,0.0004
2024-05-14,3.0016,0.008199999999999999
2024-05-15,3.0631,0.020499999999999997
2024-05-16,3.0461,-0.0055000000000000005
2024-05-17,3.0377,-0.0028000000000000004
2024-05-20,3.0631,0.0084
2024-05-21,3.0573,-0.0019
2024-05-22,3.0674,0.0033
2024-05-23,3.0743,0.0022
2024-05-24,3.0952,0.0068000000000000005
2024-05-27,3.0976,0.0008
2024-05-28,3.1049,0.0024
2024-05-29,3.0793,-0.008199999999999999
2024-05-30,3.0368,-0.0138
2024-05-31,3.0286,-0.0027
2024-06-03,3.0485,0.0066
2024-06-04,3.0477,-0.0003
2024-06-05,3.1271,0.026099999999999998
2024-06-06,3.1285,0.0004
2024-06-07,3.1262,-0.0007000000000000001
2024-06-11,3.164,0.0121
2024-06-12,3.2063,0.0134
2024-06-13,3.2177,0.0036
2024-06-14,3.227,0.0029
2024-06-17,3.258,0.0096
2024-06-18,3.2731,0.0046
2024-06-19,3.2748,0.0005
2024-06-20,3.2472,-0.0084
2024-06-21,3.2271,-0.0062
2024-06-24,3.1904,-0.011399999999999999
2024-06-25,3.2257,0.0111
2024-06-26,3.236,0.0032
2024-06-27,3.2348,-0.0004
2024-06-28,3.2243,-0.0032
2024-06-30,3.2241,-0.0001
2024-07-01,3.2387,0.0045000000000000005
2024-07-02,3.26,0.0066
2024-07-03,3.2878,0.0085
2024-07-04,3.2842,-0.0011
2024-07-05,3.3164,0.0098
2024-07-08,3.3112,-0.0016
2024-07-09,3.3142,0.0009
2024-07-10,3.3388,0.0074
2024-07-11,3.2943,-0.013300000000000001
2024-07-12,3.3091,0.0045000000000000005
2024-07-15,3.3046,-0.0014000000000000002
2024-07-16,3.309,0.0013
2024-07-17,3.1963,-0.0341
2024-07-18,3.1694,-0.0084
2024-07-19,3.1447,-0.0078000000000000005
2024-07-22,3.1865,0.013300000000000001
2024-07-23,3.187,0.0002
2024-07-24,3.0829,-0.0327
2024-07-25,3.0593,-0.0077
2024-07-26,3.0823,0.0075
2024-07-29,3.0784,-0.0013
2024-07-30,3.0262,-0.017
2024-07-31,3.1239,0.0323
2024-08-01,3.0614,-0.02
2024-08-02,2.9722,-0.0291
2024-08-05,2.89,-0.0277
2024-08-06,2.95,0.0208
2024-08-07,2.9408,-0.0031
2024-08-08,3.0332,0.031400000000000004
2024-08-09,3.0719,0.0128
2024-08-12,3.0789,0.0023
2024-08-13,3.1489,0.0227
2024-08-14,3.1504,0.0005
2024-08-15,3.2125,0.0197
2024-08-16,3.2073,-0.0016
2024-08-19,3.2282,0.006500000000000001
2024-08-20,3.223,-0.0016
2024-08-21,3.2399,0.0052
2024-08-22,3.19,-0.0154
2024-08-23,3.2226,0.0102
2024-08-26,3.1843,-0.011899999999999999
2024-08-27,3.2008,0.0052
2024-08-28,3.1708,-0.009399999999999999
2024-08-29,3.1797,0.0028000000000000004
2024-08-30,3.2102,0.0096
2024-09-02,3.2032,-0.0022
2024-09-03,3.1049,-0.030699999999999998
2024-09-04,3.0945,-0.0033
2024-09-05,3.0915,-0.001
2024-09-06,3.0212,-0.0227
2024-09-09,3.0587,0.0124
2024-09-10,3.0796,0.0068000000000000005
2024-09-11,3.1412,0.02
2024-09-12,3.1736,0.0103
2024-09-13,3.176,0.0008
2024-09-18,3.1517,-0.0077
2024-09-19,3.2278,0.0241
2024-09-20,3.2214,-0.002
2024-09-23,3.2199,-0.0005
2024-09-24,3.2412,0.0066
2024-09-25,3.234,-0.0022
2024-09-26,3.263,0.009000000000000001
2024-09-27,3.2333,-0.0091
2024-09-30,3.2296,-0.0011
2024-10-08,3.3103,0.025
2024-10-09,3.3298,0.0059
2024-10-10,3.3432,0.004
2024-10-11,3.3778,0.0103
2024-10-14,3.3898,0.0036
2024-10-15,3.3411,-0.0144
2024-10-16,3.3639,0.0068000000000000005
2024-10-17,3.3965,0.0097
2024-10-18,3.4045,0.0024
2024-10-21,3.397,-0.0022
2024-10-22,3.3984,0.0004
2024-10-23,3.3645,-0.01
2024-10-24,3.3694,0.0015
2024-10-25,3.376,0.002
2024-10-28,3.3736,-0.0007000000000000001
2024-10-29,3.4114,0.011200000000000002
2024-10-30,3.409,-0.0007000000000000001
2024-10-31,3.3219,-0.0256
2024-11-01,3.3447,0.0069
2024-11-04,3.3356,-0.0027
2024-11-05,3.3608,0.0076
2024-11-06,3.4364,0.0225
2024-11-07,3.502,0.0191
2024-11-08,3.5046,0.0007000000000000001
2024-11-11,3.5286,0.0068000000000000005
2024-11-12,3.522,-0.0019
2024-11-13,3.5076,-0.0040999999999999995
2024-11-14,3.4814,-0.0075
2024-11-15,3.4303,-0.0147
2024-11-18,3.4332,0.0008
2024-11-19,3.4695,0.0106
2024-11-20,3.4736,0.0012
2024-11-21,3.4825,0.0026
2024-11-22,3.4983,0.0045000000000000005
2024-11-25,3.4926,-0.0016
2024-11-26,3.4993,0.0019
2024-11-27,3.4725,-0.0077
2024-11-28,3.4706,-0.0005
2024-11-29,3.4945,0.0069
2024-12-02,3.5406,0.0132
2024-12-03,3.5643,0.0067
2024-12-04,3.6297,0.0183
2024-12-05,3.6058,-0.0066
2024-12-06,3.6305,0.0069
2024-12-09,3.5994,-0.0086
2024-12-10,3.5817,-0.0049
2024-12-11,3.64,0.0163
2024-12-12,3.6347,-0.0015
2024-12-13,3.6248,-0.0027
2024-12-16,3.6566,0.0088
2024-12-17,3.6443,-0.0034000000000000002
2024-12-18,3.5191,-0.0344
2024-12-19,3.5218,0.0008
2024-12-20,3.5413,0.0055000000000000005
2024-12-23,3.5742,0.009300000000000001
2024-12-24,3.6083,0.0095
2024-12-25,3.6078,-0.0001
2024-12-26,3.5965,-0.0031
2024-12-27,3.5563,-0.011200000000000002
2024-12-30,3.5231,-0.009300000000000001
2024-12-31,3.4941,-0.008199999999999999
2025-01-02,3.5067,0.0036
2025-01-03,3.5755,0.0196
2025-01-06,3.6207,0.0126
2025-01-07,3.5482,-0.02
2025-01-08,3.537,-0.0032
2025-01-09,3.5376,0.0002
2025-01-10,3.4995,-0.0108
2025-01-13,3.4723,-0.0078000000000000005
2025-01-14,3.4756,0.001
2025-01-15,3.5695,0.027000000000000003
2025-01-16,3.5585,-0.0031
2025-01-17,3.5973,0.0109
2025-01-20,3.5953,-0.0006
2025-01-21,3.634,0.0108
2025-01-22,3.6856,0.014199999999999999
2025-01-23,3.7059,0.0055000000000000005
2025-01-24,3.6966,-0.0025
2025-01-27,3.5301,-0.045
2025-02-05,3.6331,0.0292
2025-02-06,3.6378,0.0013
2025-02-07,3.6226,-0.0042
2025-02-10,3.6426,0.0055000000000000005
2025-02-11,3.6249,-0.0049
2025-02-12,3.6191,-0.0016
2025-02-13,3.6593,0.0111
2025-02-14,3.675,0.0043
2025-02-17,3.6756,0.0002
2025-02-18,3.678,0.0007000000000000001
2025-02-19,3.6525,-0.0069
2025-02-20,3.6183,-0.009399999999999999
2025-02-21,3.5559,-0.0172
2025-02-24,3.5087,-0.013300000000000001
2025-02-25,3.4549,-0.015300000000000001
2025-02-26,3.4943,0.011399999999999999
2025-02-27,3.421,-0.021
2025-02-28,3.4562,0.0103
2025-03-03,3.3758,-0.0233
2025-03-04,3.346,-0.0088
2025-03-05,3.406,0.0179
2025-03-06,3.3382,-0.0199
2025-03-07,3.3322,-0.0018
2025-03-10,3.1929,-0.0418
2025-03-11,3.1996,0.0021
2025-03-12,3.2433,0.0137
2025-03-13,3.1771,-0.0204
2025-03-14,3.2669,0.028300000000000002
2025-03-17,3.2889,0.0067
2025-03-18,3.2505,-0.011699999999999999
2025-03-19,3.3008,0.0155
2025-03-20,3.2895,-0.0034000000000000002
2025-03-21,3.2971,0.0023
2025-03-24,3.3804,0.0253
2025-03-25,3.3898,0.0028000000000000004
2025-03-26,3.3203,-0.020499999999999997
2025-03-27,3.2912,-0.0088
2025-03-28,3.2059,-0.0259
2025-03-31,3.1933,-0.0039000000000000003
2025-04-01,3.2188,0.008
2025-04-02,3.2495,0.0095
2025-04-03,3.0739,-0.054000000000000006
2025-04-07,2.9102,-0.0533
2025-04-08,2.881,-0.01
2025-04-09,3.1773,0.10279999999999999
2025-04-10,3.0604,-0.0368
2025-04-11,3.1072,0.015300000000000001
2025-04-14,3.1171,0.0032
2025-04-15,3.1241,0.0022
2025-04-16,3.0413,-0.0265
2025-04-17,3.0345,-0.0022
2025-04-18,3.0337,-0.0003
2025-04-21,2.964,-0.023
2025-04-22,3.0338,0.0235
2025-04-23,3.1131,0.026099999999999998
2025-04-24,3.2217,0.0349
2025-04-25,3.2552,0.0104
2025-04-28,3.2478,-0.0023
2025-04-29,3.2707,0.0070999999999999995
2025-04-30,3.2736,0.0009
2025-05-06,3.3496,0.0232
2025-05-07,3.3715,0.006500000000000001
2025-05-08,3.4061,0.0103
2025-05-09,3.3995,-0.0019
2025-05-12,3.5317,0.038900000000000004
2025-05-13,3.5704,0.011000000000000001
2025-05-14,3.5835,0.0037
2025-05-15,3.5731,-0.0029
2025-05-16,3.5855,0.0034999999999999996
2025-05-19,3.5847,-0.0002
2025-05-20,3.5804,-0.0012
2025-05-21,3.5374,-0.012
2025-05-22,3.5561,0.0053
2025-05-23,3.5264,-0.0084
2025-05-26,3.5231,-0.0009
2025-05-27,3.5924,0.0197
2025-05-28,3.5663,-0.0073
2025-05-29,3.5702,0.0011
2025-05-30,3.5611,-0.0025
2025-06-03,3.6172,0.0158
2025-06-04,3.6391,0.0060999999999999995
2025-06-05,3.6414,0.0006
2025-06-06,3.6832,0.0115
2025-06-09,3.688,0.0013
2025-06-10,3.6934,0.0015
2025-06-11,3.6829,-0.0028000000000000004
2025-06-12,3.6879,0.0014000000000000002
2025-06-13,3.6405,-0.0129
2025-06-16,3.6932,0.014499999999999999
2025-06-17,3.6759,-0.004699999999999999
2025-06-18,3.6702,-0.0016
2025-06-19,3.6648,-0.0015
2025-06-20,3.6354,-0.008
2025-06-23,3.6532,0.0049
2025-06-24,3.7159,0.0172
2025-06-25,3.7472,0.0084
2025-06-26,3.7842,0.009899999999999999
2025-06-27,3.8207,0.0096
2025-06-30,3.8335,0.0034000000000000002
2025-07-01,3.7881,-0.0118
2025-07-02,3.8039,0.0042
2025-07-03,3.8442,0.0106
2025-07-04,3.8448,0.0002
2025-07-07,3.8245,-0.0053
2025-07-08,3.8093,-0.004
2025-07-09,3.8384,0.0076
2025-07-10,3.8084,-0.0078000000000000005
2025-07-11,3.784,-0.0064
2025-07-14,3.7986,0.0039000000000000003
2025-07-15,3.824,0.0067
2025-07-16,3.8268,0.0007000000000000001
2025-07-17,3.8649,0.01
2025-07-18,3.8697,0.0012
2025-07-21,3.8689,-0.0002
2025-07-22,3.8424,-0.0068000000000000005
2025-07-23,3.8779,0.0092
2025-07-24,3.9034,0.0066
2025-07-25,3.9052,0.0005
2025-07-28,3.9187,0.0034999999999999996
2025-07-29,3.9481,0.0075
2025-07-30,3.9653,0.0044
2025-07-31,3.9944,0.0073
2025-08-01,3.8813,-0.028300000000000002
2025-08-04,3.95,0.0177
2025-08-05,3.9271,-0.0058
2025-08-06,3.9412,0.0036
2025-08-07,3.9522,0.0028000000000000004
2025-08-08,3.9608,0.0022
2025-08-11,3.9425,-0.0046
2025-08-12,4.0014,0.0149
2025-08-13,3.9885,-0.0032
2025-08-14,3.9792,-0.0023
2025-08-15,3.9914,0.0031
2025-08-18,4.0007,0.0023
2025-08-19,3.9332,-0.0169
2025-08-20,3.9043,-0.0073
2025-08-21,3.8987,-0.0014000000000000002
2025-08-22,3.9732,0.0191
2025-08-25,3.9715,-0.0004
2025-08-26,3.9845,0.0033
2025-08-27,3.9837,-0.0002
2025-08-28,4.0238,0.0101
2025-08-29,4.0037,-0.005
2025-09-01,3.9998,-0.001
2025-09-02,3.955,-0.011200000000000002
2025-09-03,3.9973,0.010700000000000001
2025-09-04,4.0299,0.008199999999999999
2025-09-05,4.0387,0.0022
2025-09-08,4.0662,0.0068000000000000005
2025-09-09,4.0872,0.0052
2025-09-10,4.0935,0.0015
2025-09-11,4.0964,0.0007000000000000001
2025-09-12,4.0937,-0.0007000000000000001
2025-09-15,4.1476,0.0132
2025-09-16,4.1653,0.0043
2025-09-17,4.1486,-0.004
2025-09-18,4.2019,0.0128
2025-09-19,4.2276,0.0060999999999999995
2025-09-22,4.255,0.006500000000000001
2025-09-23,4.232,-0.0054
2025-09-24,4.2041,-0.0066
2025-09-25,4.1838,-0.0048
2025-09-26,4.1845,0.0002
2025-09-29,4.2192,0.0083
2025-09-30,4.2278,0.002
2025-10-09,4.321,0.022000000000000002
2025-10-10,4.1456,-0.0406
2025-10-13,4.2296,0.0203
2025-10-14,4.1674,-0.0147
2025-10-15,4.2078,0.0097
2025-10-16,4.1909,-0.004
2025-10-17,4.1739,-0.0040999999999999995
2025-10-20,4.2274,0.0128
2025-10-21,4.213,-0.0034000000000000002
2025-10-22,4.1726,-0.0096
2025-10-23,4.2297,0.0137
2025-10-24,4.2932,0.015
2025-10-27,4.3748,0.019
2025-10-28,4.3918,0.0039000000000000003
2025-10-29,4.4363,0.0101
2025-10-30,4.3769,-0.0134
2025-10-31,4.3818,0.0011
2025-11-03,4.4149,0.0076
2025-11-04,4.2914,-0.027999999999999997
2025-11-05,4.3709,0.018500000000000003
2025-11-06,4.317,-0.0123
2025-11-07,4.2853,-0.0073
2025-11-10,4.4227,0.0321
2025-11-11,4.3758,-0.0106
2025-11-12,4.3982,0.0051
2025-11-13,4.2543,-0.0327
2025-11-14,4.2831,0.0068000000000000005
2025-11-17,4.2377,-0.0106
2025-11-18,4.1531,-0.02
2025-11-19,4.1875,0.0083
2025-11-20,4.0391,-0.0354
2025-11-21,4.0537,0.0036
2025-11-24,4.1973,0.0354
2025-11-25,4.2196,0.0053
2025-11-26,4.2697,0.011899999999999999
2025-11-27,4.278,0.0019
2025-11-28,4.3203,0.009899999999999999
2025-12-01,4.3045,-0.0037
2025-12-02,4.337,0.0076
2025-12-03,4.3378,0.0002
2025-12-04,4.3529,0.0034999999999999996
2025-12-05,4.3855,0.0075
2025-12-08,4.432,0.0106
2025-12-09,4.4592,0.0060999999999999995
2025-12-10,4.495,0.008
2025-12-11,4.4793,-0.0034999999999999996
2025-12-12,4.3558,-0.0276
2025-12-15,4.3321,-0.0054
2025-12-16,4.3019,-0.006999999999999999
2025-12-17,4.2077,-0.0219
2025-12-18,4.3166,0.0259
2025-12-19,4.4057,0.0206
2025-12-22,4.461,0.0126
2025-12-23,4.4849,0.0054
2025-12-24,4.5154,0.0068000000000000005
2025-12-25,4.5104,-0.0011
2025-12-26,4.4964,-0.0031
2025-12-29,4.4805,-0.0034999999999999996
2025-12-30,4.4667,-0.0031
2025-12-31,4.4275,-0.0088
2026-01-05,4.5504,0.0278
2026-01-06,4.6666,0.0255
2026-01-07,4.6581,-0.0018
2026-01-08,4.5793,-0.0169
2026-01-09,4.6988,0.026099999999999998
2026-01-12,4.7388,0.0085
2026-01-13,4.7861,0.01
2026-01-14,4.7704,-0.0033
2026-01-15,4.8625,0.019299999999999998
2026-01-16,4.9354,0.015
2026-01-19,4.9282,-0.0015
2026-01-20,4.8782,-0.0101
2026-01-21,5.0327,0.0317
2026-01-22,5.0525,0.0039000000000000003
2026-01-23,4.9939,-0.0116
2026-01-26,4.9901,-0.0008
2026-01-27,5.1199,0.026000000000000002
2026-01-28,5.2201,0.0196
2026-01-29,5.2227,0.0005
2026-01-30,5.1435,-0.0152
2026-02-02,5.2252,0.0159
2026-02-03,5.1836,-0.008
2026-02-04,5.0047,-0.0345
2026-02-05,4.9914,-0.0027
2026-02-06,5.1453,0.0308
2026-02-09,5.1966,0.01
2026-02-10,5.1519,-0.0086
2026-02-11,5.2436,0.0178
2026-02-12,5.222,-0.0040999999999999995
2026-02-13,5.2225,0.0001
2026-02-24,5.4461,0.042800000000000005
2026-02-25,5.5454,0.0182
2026-02-26,5.4099,-0.024399999999999998
2026-02-27,5.394,-0.0029
2026-03-02,5.4424,0.009000000000000001
2026-03-03,5.1741,-0.0493
2026-03-04,5.2142,0.0078000000000000005
2026-03-05,5.1283,-0.0165
2026-03-06,4.9025,-0.044000000000000004
2026-03-09,5.0323,0.0265
2026-03-10,5.1252,0.018500000000000003
2026-03-11,5.1781,0.0103
2026-03-12,5.0261,-0.0294
2026-03-13,5.0703,0.0088
2026-03-16,5.1691,0.0195
2026-03-17,5.1796,0.002
2026-03-18,5.2052,0.0049
2026-03-19,5.2175,0.0024
2026-03-20,5.0473,-0.0326
2026-03-23,5.0764,0.0058
2026-03-24,5.1469,0.0139
2026-03-25,5.1882,0.008
2026-03-26,4.9072,-0.0542
2026-03-27,4.8819,-0.0052
2026-03-30,4.6811,-0.041100000000000005
2026-03-31,4.9011,0.047
2026-04-01,5.0868,0.0379
2026-04-02,5.1041,0.0034000000000000002
2026-04-03,5.1248,0.0040999999999999995
2026-04-07,5.1722,0.0092
2026-04-08,5.5196,0.0672
2026-04-09,5.6236,0.018799999999999997
2026-04-10,5.7202,0.0172
2026-04-13,5.7954,0.0131
2026-04-14,5.8967,0.0175
2026-04-15,5.8244,-0.0123
2026-04-16,5.8498,0.0044
2026-04-17,5.9322,0.0141
2026-04-20,5.8954,-0.0062
2026-04-21,5.8587,-0.0062
2026-04-22,5.9903,0.0225
2026-04-23,5.9443,-0.0077
2026-04-24,6.1853,0.0405
